[
  {
    "id": "frikko",
    "name": "Frikko",
    "description": "Especialistas en enfriadores evaporativos de uso rudo y sistemas de climatización eficientes",
    "logo": "/images/brands/frikko-logo.png",
    "website": "https://frikko.com.mx",
    "isActive": true,
    "specialty": "Evaporativos de uso rudo",
    "colors": {
      "primary": "#006633",
      "secondary": "#00AA44"
    }
  },
  {
    "id": "mirage",
    "name": "Mirage",
    "description": "Tecnología avanzada en aires acondicionados minisplit y sistemas de climatización",
    "logo": "/images/brands/mirage-logo.png",
    "website": "https://mirage.com.mx",
    "isActive": true,
    "specialty": "Aires acondicionados",
    "colors": {
      "primary": "#CC0000",
      "secondary": "#FF3333"
    }
  },
  {
    "id": "symphony",
    "name": "Symphony",
    "description": "Líderes mundiales en tecnología de enfriadores evaporativos y soluciones de climatización",
    "logo": "/images/brands/symphony-logo.png",
    "website": "https://symphony.in",
    "isActive": true,
    "specialty": "Enfriadores evaporativos",
    "colors": {
      "primary": "#0066CC",
      "secondary": "#3399FF"
    }
  },
  {
    "id": "carrier",
    "name": "Carrier",
    "description": "Pioneros en tecnología de aire acondicionado y refrigeración",
    "logo": "/images/brands/carrier-logo.png",
    "website": "https://carrier.com",
    "isActive": true,
    "specialty": "Aires acondicionados centrales",
    "colors": {
      "primary": "#0066CC",
      "secondary": "#4D94FF"
    }
  },
  {
    "id": "york",
    "name": "York",
    "description": "Soluciones integrales de climatización y refrigeración comercial",
    "logo": "/images/brands/york-logo.png",
    "website": "https://york.com",
    "isActive": true,
    "specialty": "Sistemas comerciales",
    "colors": {
      "primary": "#003366",
      "secondary": "#0066AA"
    }
  }
]
