[
  {
    "id": "aires-acondicionados",
    "name": "Aires Acondicionados",
    "description": "Equipos de aire acondicionado para hogar y comercio",
    "parentId": null,
    "image": "/images/categories/aires-acondicionados.jpg",
    "isActive": true
  },
  {
    "id": "minisplit",
    "name": "Minisplit",
    "description": "Aires acondicionados tipo minisplit",
    "parentId": "aires-acondicionados",
    "image": "/images/categories/minisplit.jpg",
    "isActive": true
  },
  {
    "id": "ventana",
    "name": "Tipo Ventana",
    "description": "Aires acondicionados de ventana",
    "parentId": "aires-acondicionados",
    "image": "/images/categories/ventana.jpg",
    "isActive": true
  },
  {
    "id": "centrales",
    "name": "Centrales",
    "description": "Sistemas centrales de aire acondicionado",
    "parentId": "aires-acondicionados",
    "image": "/images/categories/centrales.jpg",
    "isActive": true
  },
  {
    "id": "industriales",
    "name": "Industriales",
    "description": "Aires acondicionados industriales",
    "parentId": "aires-acondicionados",
    "image": "/images/categories/industriales.jpg",
    "isActive": true
  },
  {
    "id": "enfriadores-evaporativos",
    "name": "Enfriadores/Evaporativos",
    "description": "Enfriadores evaporativos para diferentes usos",
    "parentId": null,
    "image": "/images/categories/evaporativos.jpg",
    "isActive": true
  },
  {
    "id": "portatiles",
    "name": "Portátiles",
    "description": "Enfriadores portátiles para uso doméstico",
    "parentId": "enfriadores-evaporativos",
    "image": "/images/categories/portatiles.jpg",
    "isActive": true
  },
  {
    "id": "uso-rudo",
    "name": "Uso Rudo",
    "description": "Enfriadores de uso rudo para exteriores",
    "parentId": "enfriadores-evaporativos",
    "image": "/images/categories/uso-rudo.jpg",
    "isActive": true
  },
  {
    "id": "domesticos",
    "name": "Domésticos",
    "description": "Enfriadores para uso doméstico",
    "parentId": "enfriadores-evaporativos",
    "image": "/images/categories/domesticos.jpg",
    "isActive": true
  },
  {
    "id": "ventiladores",
    "name": "Ventiladores",
    "description": "Ventiladores de diferentes tipos y tamaños",
    "parentId": null,
    "image": "/images/categories/ventiladores.jpg",
    "isActive": true
  },
  {
    "id": "techo",
    "name": "De Techo",
    "description": "Ventiladores de techo",
    "parentId": "ventiladores",
    "image": "/images/categories/techo.jpg",
    "isActive": true
  },
  {
    "id": "pedestal",
    "name": "De Pedestal",
    "description": "Ventiladores de pedestal",
    "parentId": "ventiladores",
    "image": "/images/categories/pedestal.jpg",
    "isActive": true
  },
  {
    "id": "ventiladores-industriales",
    "name": "Industriales",
    "description": "Ventiladores industriales",
    "parentId": "ventiladores",
    "image": "/images/categories/ventiladores-industriales.jpg",
    "isActive": true
  },
  {
    "id": "refrigeracion",
    "name": "Refrigeración",
    "description": "Equipos de refrigeración domésticos y comerciales",
    "parentId": null,
    "image": "/images/categories/refrigeracion.jpg",
    "isActive": true
  },
  {
    "id": "refrigeradores",
    "name": "Refrigeradores",
    "description": "Refrigeradores domésticos",
    "parentId": "refrigeracion",
    "image": "/images/categories/refrigeradores.jpg",
    "isActive": true
  },
  {
    "id": "congeladores",
    "name": "Congeladores",
    "description": "Congeladores domésticos y comerciales",
    "parentId": "refrigeracion",
    "image": "/images/categories/congeladores.jpg",
    "isActive": true
  },
  {
    "id": "comerciales",
    "name": "Comerciales",
    "description": "Equipos de refrigeración comercial",
    "parentId": "refrigeracion",
    "image": "/images/categories/comerciales.jpg",
    "isActive": true
  },
  {
    "id": "gases-refrigerantes",
    "name": "Gases Refrigerantes",
    "description": "Gases refrigerantes para equipos de climatización",
    "parentId": null,
    "image": "/images/categories/gases.jpg",
    "isActive": true
  },
  {
    "id": "r410a",
    "name": "R410A",
    "description": "Gas refrigerante R410A",
    "parentId": "gases-refrigerantes",
    "image": "/images/categories/r410a.jpg",
    "isActive": true
  },
  {
    "id": "r22",
    "name": "R22",
    "description": "Gas refrigerante R22",
    "parentId": "gases-refrigerantes",
    "image": "/images/categories/r22.jpg",
    "isActive": true
  },
  {
    "id": "r134a",
    "name": "R134A",
    "description": "Gas refrigerante R134A",
    "parentId": "gases-refrigerantes",
    "image": "/images/categories/r134a.jpg",
    "isActive": true
  },
  {
    "id": "refacciones",
    "name": "Refacciones y Accesorios",
    "description": "Refacciones y accesorios para equipos de climatización",
    "parentId": null,
    "image": "/images/categories/refacciones.jpg",
    "isActive": true
  },
  {
    "id": "filtros",
    "name": "Filtros",
    "description": "Filtros para aires acondicionados",
    "parentId": "refacciones",
    "image": "/images/categories/filtros.jpg",
    "isActive": true
  },
  {
    "id": "controles",
    "name": "Controles Remotos",
    "description": "Controles remotos universales",
    "parentId": "refacciones",
    "image": "/images/categories/controles.jpg",
    "isActive": true
  },
  {
    "id": "sensores",
    "name": "Sensores",
    "description": "Sensores y termostatos",
    "parentId": "refacciones",
    "image": "/images/categories/sensores.jpg",
    "isActive": true
  },
  {
    "id": "herramientas",
    "name": "Herramientas",
    "description": "Herramientas para instalación y mantenimiento",
    "parentId": "refacciones",
    "image": "/images/categories/herramientas.jpg",
    "isActive": true
  }
]
