{
  "name": "Clí+ Del Desierto",
  "tagline": "La mejor refrigeración para la Laguna",
  "description": "Aires acondicionados, enfriadores, minisplit y más. Frescura para cada estilo de vida. Frikko, Mirage y Symphony.",
  "phone": "(871) 524 4276",
  "whatsapp": "+52 871 524 4276",
  "email": "ventas@clideldesiert.com",
  "address": {
    "street": "Av. Las Arboledas III",
    "city": "Torreón",
    "state": "Coahuila",
    "zipCode": "27000",
    "country": "México"
  },
  "businessHours": {
    "monday": "9:00 AM - 6:00 PM",
    "tuesday": "9:00 AM - 6:00 PM",
    "wednesday": "9:00 AM - 6:00 PM",
    "thursday": "9:00 AM - 6:00 PM",
    "friday": "9:00 AM - 6:00 PM",
    "saturday": "9:00 AM - 2:00 PM",
    "sunday": "Cerrado"
  },
  "socialMedia": {
    "facebook": "https://facebook.com/clideldesiert",
    "whatsapp": "https://wa.me/528715244276",
    "instagram": "@clideldesiert"
  },
  "logo": "/images/logo-cli-del-desierto.png",
  "favicon": "/images/favicon.ico"
}
