[
  {
    "id": "order-1",
    "userId": "user-2",
    "orderNumber": "CLI-001-2024",
    "items": [
      {
        "productId": "mirage-ms12000",
        "quantity": 1,
        "price": 8500,
        "total": 8500
      },
      {
        "productId": "control-remoto-universal",
        "quantity": 1,
        "price": 450,
        "total": 450
      }
    ],
    "subtotal": 8950,
    "tax": 1432,
    "shipping": 500,
    "total": 10882,
    "status": "delivered",
    "paymentMethod": "credit_card",
    "paymentId": "PAY-001-2024",
    "shippingAddress": {
      "street": "Calle Revolución #456",
      "city": "Torreón",
      "state": "Coahuila",
      "zipCode": "27010",
      "country": "México"
    },
    "billingAddress": {
      "street": "Calle Revolución #456",
      "city": "Torreón",
      "state": "Coahuila",
      "zipCode": "27010",
      "country": "México"
    },
    "createdAt": "2024-10-15T10:00:00Z",
    "updatedAt": "2024-10-20T15:30:00Z"
  },
  {
    "id": "order-2",
    "userId": "user-3",
    "orderNumber": "CLI-002-2024",
    "items": [
      {
        "productId": "symphony-diet-12t",
        "quantity": 2,
        "price": 3800,
        "total": 7600
      }
    ],
    "subtotal": 7600,
    "tax": 1216,
    "shipping": 300,
    "total": 9116,
    "status": "shipped",
    "paymentMethod": "paypal",
    "paymentId": "PAY-002-2024",
    "shippingAddress": {
      "street": "Av. Juárez #789",
      "city": "Gómez Palacio",
      "state": "Durango",
      "zipCode": "35000",
      "country": "México"
    },
    "billingAddress": {
      "street": "Av. Juárez #789",
      "city": "Gómez Palacio",
      "state": "Durango",
      "zipCode": "35000",
      "country": "México"
    },
    "createdAt": "2024-11-01T10:00:00Z",
    "updatedAt": "2024-11-05T15:30:00Z"
  },
  {
    "id": "order-3",
    "userId": "user-4",
    "orderNumber": "CLI-003-2024",
    "items": [
      {
        "productId": "frikko-evap-p5000",
        "quantity": 1,
        "price": 12500,
        "total": 12500
      },
      {
        "productId": "gas-r410a-11kg",
        "quantity": 2,
        "price": 2800,
        "total": 5600
      }
    ],
    "subtotal": 18100,
    "tax": 2896,
    "shipping": 800,
    "total": 21796,
    "status": "processing",
    "paymentMethod": "transfer",
    "paymentId": "PAY-003-2024",
    "shippingAddress": {
      "street": "Blvd. Independencia #321",
      "city": "Lerdo",
      "state": "Durango",
      "zipCode": "35150",
      "country": "México"
    },
    "billingAddress": {
      "street": "Blvd. Independencia #321",
      "city": "Lerdo",
      "state": "Durango",
      "zipCode": "35150",
      "country": "México"
    },
    "createdAt": "2024-11-20T10:00:00Z",
    "updatedAt": "2024-11-22T15:30:00Z"
  },
  {
    "id": "order-4",
    "userId": "user-5",
    "orderNumber": "CLI-004-2024",
    "items": [
      {
        "productId": "ventilador-techo-52",
        "quantity": 3,
        "price": 1850,
        "total": 5550
      },
      {
        "productId": "filtro-aire-minisplit",
        "quantity": 6,
        "price": 180,
        "total": 1080
      }
    ],
    "subtotal": 6630,
    "tax": 1060.8,
    "shipping": 400,
    "total": 8090.8,
    "status": "paid",
    "paymentMethod": "oxxo",
    "paymentId": "PAY-004-2024",
    "shippingAddress": {
      "street": "Calle Hidalgo #654",
      "city": "Torreón",
      "state": "Coahuila",
      "zipCode": "27020",
      "country": "México"
    },
    "billingAddress": {
      "street": "Calle Hidalgo #654",
      "city": "Torreón",
      "state": "Coahuila",
      "zipCode": "27020",
      "country": "México"
    },
    "createdAt": "2024-12-01T10:00:00Z",
    "updatedAt": "2024-12-02T15:30:00Z"
  }
]
