[
  {
    "id": "mirage-ms12000",
    "name": "Aire Acondicionado Mirage Minisplit 12,000 BTU",
    "description": "Aire acondicionado minisplit inverter con alta eficiencia energética. Incluye instalación básica. Refrigerante R410A ecológico.",
    "shortDescription": "Minisplit inverter 12,000 BTU - Eficiencia energética superior",
    "sku": "MRG-MS12000-INV",
    "categoryId": "minisplit",
    "brandId": "mirage",
    "price": 8500,
    "comparePrice": 9500,
    "cost": 6800,
    "stock": 15,
    "minStock": 3,
    "images": [
      "/images/products/mirage-ms12000-1.jpg",
      "/images/products/mirage-ms12000-2.jpg",
      "/images/products/mirage-ms12000-3.jpg"
    ],
    "specifications": {
      "btus": "12,000 BTU/h",
      "voltage": "220V",
      "dimensions": "80x30x20 cm",
      "weight": "32 kg",
      "warranty": "3 años",
      "efficiency": "SEER 16",
      "refrigerant": "R410A",
      "coverage": "20-25 m²",
      "noise": "< 45 dB"
    },
    "tags": ["inverter", "eficiente", "ecológico", "silencioso"],
    "isActive": true,
    "isFeatured": true,
    "createdAt": "2024-01-15T10:00:00Z",
    "updatedAt": "2024-12-01T15:30:00Z"
  },
  {
    "id": "frikko-evap-p5000",
    "name": "Enfriador Evaporativo Frikko P-5000 Uso Rudo",
    "description": "Enfriador evaporativo portátil de uso rudo. Ideal para espacios abiertos, talleres y áreas industriales. Tanque de agua de 50 litros.",
    "shortDescription": "Evaporativo uso rudo - 5000 m³/h",
    "sku": "FRK-P5000-UR",
    "categoryId": "uso-rudo",
    "brandId": "frikko",
    "price": 12500,
    "comparePrice": 14000,
    "cost": 9500,
    "stock": 8,
    "minStock": 2,
    "images": [
      "/images/products/frikko-p5000-1.jpg",
      "/images/products/frikko-p5000-2.jpg",
      "/images/products/frikko-p5000-3.jpg"
    ],
    "specifications": {
      "airflow": "5000 m³/h",
      "voltage": "110V",
      "dimensions": "120x60x140 cm",
      "weight": "85 kg",
      "warranty": "2 años",
      "waterTank": "50 litros",
      "coverage": "80-100 m²",
      "power": "280W",
      "wheels": "Ruedas industriales"
    },
    "tags": ["uso rudo", "portátil", "industrial", "eficiente"],
    "isActive": true,
    "isFeatured": true,
    "createdAt": "2024-02-01T10:00:00Z",
    "updatedAt": "2024-12-01T15:30:00Z"
  },
  {
    "id": "symphony-diet-12t",
    "name": "Enfriador Symphony Diet 12T Personal",
    "description": "Enfriador evaporativo personal compacto y eficiente. Perfecto para espacios pequeños como habitaciones y oficinas.",
    "shortDescription": "Evaporativo personal - 12 litros",
    "sku": "SYM-DIET12T",
    "categoryId": "portatiles",
    "brandId": "symphony",
    "price": 3800,
    "comparePrice": 4200,
    "cost": 2900,
    "stock": 25,
    "minStock": 5,
    "images": [
      "/images/products/symphony-diet12t-1.jpg",
      "/images/products/symphony-diet12t-2.jpg"
    ],
    "specifications": {
      "airflow": "1100 m³/h",
      "voltage": "110V",
      "dimensions": "35x30x65 cm",
      "weight": "8 kg",
      "warranty": "1 año",
      "waterTank": "12 litros",
      "coverage": "10-15 m²",
      "power": "170W",
      "remote": "Control remoto incluido"
    },
    "tags": ["personal", "compacto", "eficiente", "control remoto"],
    "isActive": true,
    "isFeatured": false,
    "createdAt": "2024-02-15T10:00:00Z",
    "updatedAt": "2024-12-01T15:30:00Z"
  },
  {
    "id": "mirage-window-18000",
    "name": "Aire Acondicionado Mirage Ventana 18,000 BTU",
    "description": "Aire acondicionado de ventana con alta capacidad de enfriamiento. Ideal para salas grandes y espacios comerciales.",
    "shortDescription": "Aire ventana 18,000 BTU - Alta capacidad",
    "sku": "MRG-WIN18000",
    "categoryId": "ventana",
    "brandId": "mirage",
    "price": 7200,
    "comparePrice": 8000,
    "cost": 5800,
    "stock": 12,
    "minStock": 3,
    "images": [
      "/images/products/mirage-window18000-1.jpg",
      "/images/products/mirage-window18000-2.jpg"
    ],
    "specifications": {
      "btus": "18,000 BTU/h",
      "voltage": "220V",
      "dimensions": "60x40x35 cm",
      "weight": "45 kg",
      "warranty": "2 años",
      "efficiency": "EER 10.8",
      "refrigerant": "R410A",
      "coverage": "35-40 m²",
      "installation": "Ventana"
    },
    "tags": ["ventana", "alta capacidad", "comercial"],
    "isActive": true,
    "isFeatured": false,
    "createdAt": "2024-01-20T10:00:00Z",
    "updatedAt": "2024-12-01T15:30:00Z"
  },
  {
    "id": "gas-r410a-11kg",
    "name": "Gas Refrigerante R410A - 11.3 kg",
    "description": "Gas refrigerante R410A ecológico para aires acondicionados residenciales y comerciales. Cilindro desechable.",
    "shortDescription": "Gas R410A - 11.3 kg cilindro",
    "sku": "GAS-R410A-11KG",
    "categoryId": "r410a",
    "brandId": "frikko",
    "price": 2800,
    "comparePrice": 3200,
    "cost": 2200,
    "stock": 20,
    "minStock": 5,
    "images": [
      "/images/products/gas-r410a-1.jpg",
      "/images/products/gas-r410a-2.jpg"
    ],
    "specifications": {
      "weight": "11.3 kg",
      "type": "R410A",
      "purity": "99.9%",
      "pressure": "25 bar",
      "packaging": "Cilindro desechable",
      "applications": "Residencial y comercial",
      "ozonePotential": "0 (Ecológico)",
      "storage": "Lugar fresco y seco"
    },
    "tags": ["ecológico", "puro", "profesional"],
    "isActive": true,
    "isFeatured": false,
    "createdAt": "2024-03-01T10:00:00Z",
    "updatedAt": "2024-12-01T15:30:00Z"
  },
  {
    "id": "ventilador-techo-52",
    "name": "Ventilador de Techo 52\" con Luz LED",
    "description": "Ventilador de techo de 52 pulgadas con iluminación LED integrada. Motor silencioso y 5 velocidades.",
    "shortDescription": "Ventilador techo 52\" con LED",
    "sku": "VENT-TECHO-52LED",
    "categoryId": "techo",
    "brandId": "mirage",
    "price": 1850,
    "comparePrice": 2100,
    "cost": 1400,
    "stock": 18,
    "minStock": 4,
    "images": [
      "/images/products/ventilador-techo52-1.jpg",
      "/images/products/ventilador-techo52-2.jpg"
    ],
    "specifications": {
      "diameter": "52 pulgadas (132 cm)",
      "voltage": "110V",
      "power": "75W ventilador + 18W LED",
      "speeds": "5 velocidades",
      "airflow": "6800 CFM",
      "lighting": "LED 18W luz blanca",
      "remote": "Control remoto incluido",
      "warranty": "2 años",
      "noise": "< 35 dB"
    },
    "tags": ["LED", "silencioso", "control remoto", "eficiente"],
    "isActive": true,
    "isFeatured": false,
    "createdAt": "2024-02-10T10:00:00Z",
    "updatedAt": "2024-12-01T15:30:00Z"
  },
  {
    "id": "mirage-ms24000",
    "name": "Aire Acondicionado Mirage Minisplit 24,000 BTU",
    "description": "Minisplit inverter de alta capacidad para espacios grandes. Tecnología WiFi incluida para control remoto.",
    "shortDescription": "Minisplit inverter 24,000 BTU con WiFi",
    "sku": "MRG-MS24000-WIFI",
    "categoryId": "minisplit",
    "brandId": "mirage",
    "price": 15500,
    "comparePrice": 17000,
    "cost": 12500,
    "stock": 8,
    "minStock": 2,
    "images": [
      "/images/products/mirage-ms24000-1.jpg",
      "/images/products/mirage-ms24000-2.jpg",
      "/images/products/mirage-ms24000-3.jpg"
    ],
    "specifications": {
      "btus": "24,000 BTU/h",
      "voltage": "220V",
      "dimensions": "100x35x25 cm",
      "weight": "48 kg",
      "warranty": "3 años",
      "efficiency": "SEER 18",
      "refrigerant": "R410A",
      "coverage": "45-50 m²",
      "wifi": "Control WiFi incluido",
      "noise": "< 48 dB"
    },
    "tags": ["WiFi", "inverter", "alta capacidad", "inteligente"],
    "isActive": true,
    "isFeatured": true,
    "createdAt": "2024-01-10T10:00:00Z",
    "updatedAt": "2024-12-01T15:30:00Z"
  },
  {
    "id": "frikko-evap-i8000",
    "name": "Enfriador Industrial Frikko I-8000",
    "description": "Enfriador evaporativo industrial de alto rendimiento. Ideal para naves industriales y espacios de gran volumen.",
    "shortDescription": "Evaporativo industrial - 8000 m³/h",
    "sku": "FRK-I8000-IND",
    "categoryId": "uso-rudo",
    "brandId": "frikko",
    "price": 28500,
    "comparePrice": 32000,
    "cost": 22000,
    "stock": 3,
    "minStock": 1,
    "images": [
      "/images/products/frikko-i8000-1.jpg",
      "/images/products/frikko-i8000-2.jpg"
    ],
    "specifications": {
      "airflow": "8000 m³/h",
      "voltage": "220V trifásico",
      "dimensions": "180x80x160 cm",
      "weight": "150 kg",
      "warranty": "3 años",
      "waterTank": "100 litros",
      "coverage": "150-200 m²",
      "power": "550W",
      "installation": "Fija o móvil"
    },
    "tags": ["industrial", "alto rendimiento", "trifásico"],
    "isActive": true,
    "isFeatured": true,
    "createdAt": "2024-01-25T10:00:00Z",
    "updatedAt": "2024-12-01T15:30:00Z"
  },
  {
    "id": "refrigerador-19-pies",
    "name": "Refrigerador 19 Pies Cúbicos No Frost",
    "description": "Refrigerador de 19 pies cúbicos con tecnología No Frost. Dispensador de agua y eficiencia energética A+.",
    "shortDescription": "Refrigerador 19 ft³ No Frost con dispensador",
    "sku": "REF-19FT-NOFROST",
    "categoryId": "refrigeradores",
    "brandId": "mirage",
    "price": 18500,
    "comparePrice": 21000,
    "cost": 15000,
    "stock": 6,
    "minStock": 2,
    "images": [
      "/images/products/refrigerador-19ft-1.jpg",
      "/images/products/refrigerador-19ft-2.jpg"
    ],
    "specifications": {
      "capacity": "19 pies cúbicos (538 litros)",
      "voltage": "110V",
      "dimensions": "70x180x65 cm",
      "weight": "85 kg",
      "warranty": "2 años",
      "technology": "No Frost",
      "efficiency": "A+",
      "features": "Dispensador de agua",
      "shelves": "Repisas de cristal templado"
    },
    "tags": ["No Frost", "dispensador", "eficiente", "gran capacidad"],
    "isActive": true,
    "isFeatured": false,
    "createdAt": "2024-02-05T10:00:00Z",
    "updatedAt": "2024-12-01T15:30:00Z"
  },
  {
    "id": "congelador-horizontal-300l",
    "name": "Congelador Horizontal 300 Litros",
    "description": "Congelador horizontal de 300 litros. Ideal para comercios y uso doméstico intensivo. Tapa de vidrio deslizable.",
    "shortDescription": "Congelador horizontal 300L tapa vidrio",
    "sku": "CONG-300L-HOR",
    "categoryId": "congeladores",
    "brandId": "frikko",
    "price": 12800,
    "comparePrice": 14500,
    "cost": 10200,
    "stock": 4,
    "minStock": 1,
    "images": [
      "/images/products/congelador-300l-1.jpg",
      "/images/products/congelador-300l-2.jpg"
    ],
    "specifications": {
      "capacity": "300 litros",
      "voltage": "110V",
      "dimensions": "130x65x85 cm",
      "weight": "65 kg",
      "warranty": "2 años",
      "type": "Horizontal",
      "top": "Tapa de vidrio deslizable",
      "temperature": "-18°C a -24°C",
      "efficiency": "A"
    },
    "tags": ["horizontal", "comercial", "tapa vidrio", "eficiente"],
    "isActive": true,
    "isFeatured": false,
    "createdAt": "2024-02-20T10:00:00Z",
    "updatedAt": "2024-12-01T15:30:00Z"
  },
  {
    "id": "control-remoto-universal",
    "name": "Control Remoto Universal para Aires Acondicionados",
    "description": "Control remoto universal compatible con más de 1000 modelos de aires acondicionados. Programación automática.",
    "shortDescription": "Control universal +1000 modelos",
    "sku": "CTRL-UNIV-AC",
    "categoryId": "controles",
    "brandId": "mirage",
    "price": 450,
    "comparePrice": 580,
    "cost": 320,
    "stock": 35,
    "minStock": 10,
    "images": [
      "/images/products/control-universal-1.jpg",
      "/images/products/control-universal-2.jpg"
    ],
    "specifications": {
      "compatibility": "+1000 modelos",
      "programming": "Automática",
      "range": "8 metros",
      "battery": "2 pilas AAA",
      "functions": "Todas las funciones básicas",
      "brands": "Todas las marcas principales",
      "manual": "Manual en español",
      "warranty": "6 meses"
    },
    "tags": ["universal", "fácil programación", "amplio rango"],
    "isActive": true,
    "isFeatured": false,
    "createdAt": "2024-03-10T10:00:00Z",
    "updatedAt": "2024-12-01T15:30:00Z"
  },
  {
    "id": "filtro-aire-minisplit",
    "name": "Filtro de Aire para Minisplit Universal",
    "description": "Filtro de aire lavable y reutilizable para minisplits. Mejora la calidad del aire y eficiencia del equipo.",
    "shortDescription": "Filtro lavable universal minisplit",
    "sku": "FILT-MS-UNIV",
    "categoryId": "filtros",
    "brandId": "frikko",
    "price": 180,
    "comparePrice": 250,
    "cost": 130,
    "stock": 50,
    "minStock": 15,
    "images": [
      "/images/products/filtro-minisplit-1.jpg",
      "/images/products/filtro-minisplit-2.jpg"
    ],
    "specifications": {
      "type": "Lavable y reutilizable",
      "material": "Malla sintética",
      "dimensions": "30x20x2 cm",
      "compatibility": "Minisplits universales",
      "maintenance": "Lavado cada 15 días",
      "efficiency": "Filtración 85%",
      "durability": "2-3 años",
      "installation": "Fácil instalación"
    },
    "tags": ["lavable", "reutilizable", "universal", "fácil"],
    "isActive": true,
    "isFeatured": false,
    "createdAt": "2024-03-15T10:00:00Z",
    "updatedAt": "2024-12-01T15:30:00Z"
  },
  {
    "id": "symphony-storm-70xl",
    "name": "Enfriador Symphony Storm 70XL",
    "description": "Enfriador evaporativo grande con tanque de 70 litros. Ideal para espacios amplios como salas y comedores.",
    "shortDescription": "Evaporativo 70L - Espacios amplios",
    "sku": "SYM-STORM70XL",
    "categoryId": "domesticos",
    "brandId": "symphony",
    "price": 8500,
    "comparePrice": 9500,
    "cost": 6800,
    "stock": 12,
    "minStock": 3,
    "images": [
      "/images/products/symphony-storm70xl-1.jpg",
      "/images/products/symphony-storm70xl-2.jpg"
    ],
    "specifications": {
      "airflow": "4500 m³/h",
      "voltage": "110V",
      "dimensions": "55x45x120 cm",
      "weight": "28 kg",
      "warranty": "2 años",
      "waterTank": "70 litros",
      "coverage": "60-80 m²",
      "power": "230W",
      "features": "Control digital, timer"
    },
    "tags": ["gran tanque", "digital", "timer", "eficiente"],
    "isActive": true,
    "isFeatured": true,
    "createdAt": "2024-02-08T10:00:00Z",
    "updatedAt": "2024-12-01T15:30:00Z"
  },
  {
    "id": "carrier-central-60000",
    "name": "Sistema Central Carrier 60,000 BTU",
    "description": "Sistema de aire acondicionado central para edificios comerciales. Incluye manejadora y condensador.",
    "shortDescription": "Sistema central 60,000 BTU comercial",
    "sku": "CAR-CENT-60K",
    "categoryId": "centrales",
    "brandId": "carrier",
    "price": 85000,
    "comparePrice": 95000,
    "cost": 68000,
    "stock": 2,
    "minStock": 1,
    "images": [
      "/images/products/carrier-central60k-1.jpg",
      "/images/products/carrier-central60k-2.jpg"
    ],
    "specifications": {
      "btus": "60,000 BTU/h",
      "voltage": "220V trifásico",
      "components": "Manejadora + Condensador",
      "coverage": "200-250 m²",
      "warranty": "5 años",
      "efficiency": "SEER 14",
      "refrigerant": "R410A",
      "installation": "Profesional requerida"
    },
    "tags": ["comercial", "central", "alta capacidad", "profesional"],
    "isActive": true,
    "isFeatured": true,
    "createdAt": "2024-01-05T10:00:00Z",
    "updatedAt": "2024-12-01T15:30:00Z"
  },
  {
    "id": "ventilador-pedestal-18",
    "name": "Ventilador de Pedestal 18\" Oscilante",
    "description": "Ventilador de pedestal de 18 pulgadas con función oscilante. Motor silencioso y altura ajustable.",
    "shortDescription": "Ventilador pedestal 18\" oscilante",
    "sku": "VENT-PED-18OSC",
    "categoryId": "pedestal",
    "brandId": "mirage",
    "price": 950,
    "comparePrice": 1200,
    "cost": 720,
    "stock": 22,
    "minStock": 6,
    "images": [
      "/images/products/ventilador-pedestal18-1.jpg",
      "/images/products/ventilador-pedestal18-2.jpg"
    ],
    "specifications": {
      "diameter": "18 pulgadas (45 cm)",
      "voltage": "110V",
      "power": "65W",
      "speeds": "3 velocidades",
      "height": "Ajustable 120-140 cm",
      "oscillation": "90 grados",
      "airflow": "2800 CFM",
      "noise": "< 40 dB",
      "warranty": "1 año"
    },
    "tags": ["oscilante", "altura ajustable", "silencioso"],
    "isActive": true,
    "isFeatured": false,
    "createdAt": "2024-02-12T10:00:00Z",
    "updatedAt": "2024-12-01T15:30:00Z"
  },
  {
    "id": "gas-r22-30lb",
    "name": "Gas Refrigerante R22 - 30 lb",
    "description": "Gas refrigerante R22 para equipos antiguos. Cilindro retornable de 30 libras.",
    "shortDescription": "Gas R22 - 30 lb cilindro retornable",
    "sku": "GAS-R22-30LB",
    "categoryId": "r22",
    "brandId": "frikko",
    "price": 4500,
    "comparePrice": 5200,
    "cost": 3600,
    "stock": 8,
    "minStock": 2,
    "images": [
      "/images/products/gas-r22-1.jpg",
      "/images/products/gas-r22-2.jpg"
    ],
    "specifications": {
      "weight": "30 lb (13.6 kg)",
      "type": "R22",
      "purity": "99.8%",
      "pressure": "20 bar",
      "packaging": "Cilindro retornable",
      "applications": "Equipos antiguos",
      "phaseOut": "En descontinuación",
      "storage": "Lugar fresco y ventilado"
    },
    "tags": ["equipos antiguos", "retornable", "profesional"],
    "isActive": true,
    "isFeatured": false,
    "createdAt": "2024-03-05T10:00:00Z",
    "updatedAt": "2024-12-01T15:30:00Z"
  },
  {
    "id": "termostato-digital",
    "name": "Termostato Digital Programable",
    "description": "Termostato digital programable de 7 días. Compatible con sistemas de calefacción y aire acondicionado.",
    "shortDescription": "Termostato programable 7 días",
    "sku": "TERM-DIG-7D",
    "categoryId": "sensores",
    "brandId": "mirage",
    "price": 850,
    "comparePrice": 1100,
    "cost": 650,
    "stock": 15,
    "minStock": 4,
    "images": [
      "/images/products/termostato-digital-1.jpg",
      "/images/products/termostato-digital-2.jpg"
    ],
    "specifications": {
      "type": "Programable 7 días",
      "display": "LCD retroiluminado",
      "compatibility": "Calefacción y A/C",
      "programming": "4 períodos por día",
      "accuracy": "±1°C",
      "voltage": "24V",
      "installation": "Empotrado en pared",
      "warranty": "2 años"
    },
    "tags": ["programable", "LCD", "preciso", "fácil instalación"],
    "isActive": true,
    "isFeatured": false,
    "createdAt": "2024-03-12T10:00:00Z",
    "updatedAt": "2024-12-01T15:30:00Z"
  },
  {
    "id": "multimetro-hvac",
    "name": "Multímetro para Técnicos HVAC",
    "description": "Multímetro especializado para técnicos de climatización. Medición de voltaje, amperaje, temperatura y más.",
    "shortDescription": "Multímetro HVAC profesional",
    "sku": "MULT-HVAC-PRO",
    "categoryId": "herramientas",
    "brandId": "frikko",
    "price": 2200,
    "comparePrice": 2800,
    "cost": 1650,
    "stock": 8,
    "minStock": 2,
    "images": [
      "/images/products/multimetro-hvac-1.jpg",
      "/images/products/multimetro-hvac-2.jpg"
    ],
    "specifications": {
      "functions": "Voltaje, amperaje, temperatura",
      "display": "Digital LCD",
      "accuracy": "±0.5%",
      "temperature": "-40°C a 400°C",
      "voltage": "0-1000V AC/DC",
      "current": "0-10A",
      "safety": "CAT III 600V",
      "warranty": "1 año"
    },
    "tags": ["profesional", "HVAC", "preciso", "seguro"],
    "isActive": true,
    "isFeatured": false,
    "createdAt": "2024-03-20T10:00:00Z",
    "updatedAt": "2024-12-01T15:30:00Z"
  },
  {
    "id": "ventilador-industrial-30",
    "name": "Ventilador Industrial 30\" Pared",
    "description": "Ventilador industrial de 30 pulgadas para montaje en pared. Motor de alta potencia para uso continuo.",
    "shortDescription": "Ventilador industrial 30\" pared",
    "sku": "VENT-IND-30W",
    "categoryId": "ventiladores-industriales",
    "brandId": "frikko",
    "price": 3500,
    "comparePrice": 4000,
    "cost": 2700,
    "stock": 6,
    "minStock": 2,
    "images": [
      "/images/products/ventilador-industrial30-1.jpg",
      "/images/products/ventilador-industrial30-2.jpg"
    ],
    "specifications": {
      "diameter": "30 pulgadas (76 cm)",
      "voltage": "220V",
      "power": "180W",
      "speeds": "3 velocidades",
      "airflow": "9500 CFM",
      "mounting": "Pared",
      "motor": "Industrial continuo",
      "warranty": "3 años",
      "protection": "IP54"
    },
    "tags": ["industrial", "alta potencia", "continuo", "resistente"],
    "isActive": true,
    "isFeatured": false,
    "createdAt": "2024-02-25T10:00:00Z",
    "updatedAt": "2024-12-01T15:30:00Z"
  },
  {
    "id": "mirage-window-12000",
    "name": "Aire Acondicionado Mirage Ventana 12,000 BTU",
    "description": "Aire acondicionado de ventana económico con funciones básicas. Ideal para habitaciones medianas.",
    "shortDescription": "Aire ventana 12,000 BTU económico",
    "sku": "MRG-WIN12000",
    "categoryId": "ventana",
    "brandId": "mirage",
    "price": 5200,
    "comparePrice": 5800,
    "cost": 4100,
    "stock": 16,
    "minStock": 4,
    "images": [
      "/images/products/mirage-window12000-1.jpg",
      "/images/products/mirage-window12000-2.jpg"
    ],
    "specifications": {
      "btus": "12,000 BTU/h",
      "voltage": "110V",
      "dimensions": "55x35x30 cm",
      "weight": "35 kg",
      "warranty": "1 año",
      "efficiency": "EER 10.5",
      "refrigerant": "R410A",
      "coverage": "20-25 m²",
      "controls": "Mecánicos"
    },
    "tags": ["económico", "básico", "confiable"],
    "isActive": true,
    "isFeatured": false,
    "createdAt": "2024-01-30T10:00:00Z",
    "updatedAt": "2024-12-01T15:30:00Z"
  },
  {
    "id": "symphony-sumo-75",
    "name": "Enfriador Symphony Sumo 75 Torre",
    "description": "Enfriador evaporativo tipo torre con tanque de 75 litros. Diseño elegante y alta eficiencia.",
    "shortDescription": "Evaporativo torre 75L elegante",
    "sku": "SYM-SUMO75",
    "categoryId": "domesticos",
    "brandId": "symphony",
    "price": 9200,
    "comparePrice": 10500,
    "cost": 7400,
    "stock": 10,
    "minStock": 3,
    "images": [
      "/images/products/symphony-sumo75-1.jpg",
      "/images/products/symphony-sumo75-2.jpg"
    ],
    "specifications": {
      "airflow": "5000 m³/h",
      "voltage": "110V",
      "dimensions": "45x40x130 cm",
      "weight": "25 kg",
      "warranty": "2 años",
      "waterTank": "75 litros",
      "coverage": "70-90 m²",
      "power": "250W",
      "design": "Torre elegante"
    },
    "tags": ["torre", "elegante", "alta eficiencia", "gran tanque"],
    "isActive": true,
    "isFeatured": true,
    "createdAt": "2024-02-14T10:00:00Z",
    "updatedAt": "2024-12-01T15:30:00Z"
  },
  {
    "id": "refrigerador-comercial-400l",
    "name": "Refrigerador Comercial 400L Puerta Vidrio",
    "description": "Refrigerador comercial de 400 litros con puerta de vidrio. Ideal para tiendas y restaurantes.",
    "shortDescription": "Refrigerador comercial 400L puerta vidrio",
    "sku": "REF-COM-400L",
    "categoryId": "comerciales",
    "brandId": "mirage",
    "price": 22500,
    "comparePrice": 25000,
    "cost": 18000,
    "stock": 3,
    "minStock": 1,
    "images": [
      "/images/products/refrigerador-comercial400l-1.jpg",
      "/images/products/refrigerador-comercial400l-2.jpg"
    ],
    "specifications": {
      "capacity": "400 litros",
      "voltage": "110V",
      "dimensions": "60x65x180 cm",
      "weight": "75 kg",
      "warranty": "2 años",
      "door": "Vidrio templado",
      "temperature": "0°C a 8°C",
      "lighting": "LED interior",
      "shelves": "5 repisas ajustables"
    },
    "tags": ["comercial", "puerta vidrio", "LED", "ajustable"],
    "isActive": true,
    "isFeatured": false,
    "createdAt": "2024-02-18T10:00:00Z",
    "updatedAt": "2024-12-01T15:30:00Z"
  },
  {
    "id": "gas-r134a-12kg",
    "name": "Gas Refrigerante R134A - 12 kg",
    "description": "Gas refrigerante R134A para refrigeración automotriz y algunos equipos comerciales.",
    "shortDescription": "Gas R134A - 12 kg automotriz",
    "sku": "GAS-R134A-12KG",
    "categoryId": "r134a",
    "brandId": "frikko",
    "price": 3200,
    "comparePrice": 3800,
    "cost": 2500,
    "stock": 12,
    "minStock": 3,
    "images": [
      "/images/products/gas-r134a-1.jpg",
      "/images/products/gas-r134a-2.jpg"
    ],
    "specifications": {
      "weight": "12 kg",
      "type": "R134A",
      "purity": "99.9%",
      "pressure": "22 bar",
      "packaging": "Cilindro desechable",
      "applications": "Automotriz y comercial",
      "ozonePotential": "0 (Ecológico)",
      "storage": "Lugar fresco y seco"
    },
    "tags": ["automotriz", "ecológico", "puro"],
    "isActive": true,
    "isFeatured": false,
    "createdAt": "2024-03-08T10:00:00Z",
    "updatedAt": "2024-12-01T15:30:00Z"
  },
  {
    "id": "kit-herramientas-hvac",
    "name": "Kit de Herramientas HVAC Profesional",
    "description": "Kit completo de herramientas para técnicos HVAC. Incluye manómetros, destornilladores y llaves especializadas.",
    "shortDescription": "Kit herramientas HVAC completo",
    "sku": "KIT-HVAC-PRO",
    "categoryId": "herramientas",
    "brandId": "mirage",
    "price": 4500,
    "comparePrice": 5500,
    "cost": 3400,
    "stock": 5,
    "minStock": 2,
    "images": [
      "/images/products/kit-hvac-1.jpg",
      "/images/products/kit-hvac-2.jpg"
    ],
    "specifications": {
      "contents": "25+ herramientas",
      "case": "Maleta resistente",
      "manifolds": "Manómetros R22/R410A",
      "wrenches": "Llaves especializadas",
      "screwdrivers": "Destornilladores precisión",
      "warranty": "2 años",
      "professional": "Grado profesional",
      "portable": "Fácil transporte"
    },
    "tags": ["kit completo", "profesional", "portátil", "especializado"],
    "isActive": true,
    "isFeatured": false,
    "createdAt": "2024-03-18T10:00:00Z",
    "updatedAt": "2024-12-01T15:30:00Z"
  },
  {
    "id": "mirage-ms18000",
    "name": "Aire Acondicionado Mirage Minisplit 18,000 BTU",
    "description": "Minisplit inverter de capacidad media con tecnología de ahorro energético. Ideal para salas grandes.",
    "shortDescription": "Minisplit inverter 18,000 BTU ahorro",
    "sku": "MRG-MS18000-ECO",
    "categoryId": "minisplit",
    "brandId": "mirage",
    "price": 11500,
    "comparePrice": 13000,
    "cost": 9200,
    "stock": 11,
    "minStock": 3,
    "images": [
      "/images/products/mirage-ms18000-1.jpg",
      "/images/products/mirage-ms18000-2.jpg"
    ],
    "specifications": {
      "btus": "18,000 BTU/h",
      "voltage": "220V",
      "dimensions": "90x32x22 cm",
      "weight": "38 kg",
      "warranty": "3 años",
      "efficiency": "SEER 17",
      "refrigerant": "R410A",
      "coverage": "30-35 m²",
      "features": "Eco mode, sleep mode"
    },
    "tags": ["eco mode", "sleep mode", "eficiente", "silencioso"],
    "isActive": true,
    "isFeatured": true,
    "createdAt": "2024-01-12T10:00:00Z",
    "updatedAt": "2024-12-01T15:30:00Z"
  },
  {
    "id": "frikko-evap-d3000",
    "name": "Enfriador Doméstico Frikko D-3000",
    "description": "Enfriador evaporativo doméstico compacto con tanque de 30 litros. Perfecto para espacios medianos.",
    "shortDescription": "Evaporativo doméstico 30L compacto",
    "sku": "FRK-D3000-DOM",
    "categoryId": "domesticos",
    "brandId": "frikko",
    "price": 4500,
    "comparePrice": 5200,
    "cost": 3400,
    "stock": 18,
    "minStock": 5,
    "images": [
      "/images/products/frikko-d3000-1.jpg",
      "/images/products/frikko-d3000-2.jpg"
    ],
    "specifications": {
      "airflow": "3000 m³/h",
      "voltage": "110V",
      "dimensions": "45x35x80 cm",
      "weight": "18 kg",
      "warranty": "2 años",
      "waterTank": "30 litros",
      "coverage": "40-50 m²",
      "power": "200W",
      "mobility": "Ruedas incluidas"
    },
    "tags": ["compacto", "móvil", "eficiente", "doméstico"],
    "isActive": true,
    "isFeatured": false,
    "createdAt": "2024-02-22T10:00:00Z",
    "updatedAt": "2024-12-01T15:30:00Z"
  }
]
