[
  {
    "id": "quote-1",
    "userId": "user-2",
    "items": [
      {
        "productId": "mirage-ms24000",
        "quantity": 3,
        "requestedPrice": 15500,
        "quotedPrice": 14500
      },
      {
        "productId": "carrier-central-60000",
        "quantity": 1,
        "requestedPrice": 85000,
        "quotedPrice": 82000
      }
    ],
    "status": "quoted",
    "notes": "Necesito instalación completa para oficinas. Descuento por volumen.",
    "adminNotes": "Cliente frecuente - aplicar descuento del 5%. Incluir instalación gratuita.",
    "total": 125500,
    "quotedTotal": 121500,
    "createdAt": "2024-11-15T10:00:00Z",
    "quotedAt": "2024-11-16T14:30:00Z",
    "expiresAt": "2024-12-16T14:30:00Z"
  },
  {
    "id": "quote-2",
    "userId": "user-3",
    "items": [
      {
        "productId": "frikko-evap-i8000",
        "quantity": 2,
        "requestedPrice": 28500,
        "quotedPrice": 27000
      }
    ],
    "status": "pending",
    "notes": "Para nave industrial de 500m². ¿Incluyen instalación?",
    "adminNotes": "",
    "total": 57000,
    "quotedTotal": null,
    "createdAt": "2024-12-01T10:00:00Z",
    "quotedAt": null,
    "expiresAt": null
  },
  {
    "id": "quote-3",
    "userId": "user-4",
    "items": [
      {
        "productId": "refrigerador-comercial-400l",
        "quantity": 5,
        "requestedPrice": 22500,
        "quotedPrice": 21000
      },
      {
        "productId": "congelador-horizontal-300l",
        "quantity": 3,
        "requestedPrice": 12800,
        "quotedPrice": 12000
      }
    ],
    "status": "accepted",
    "notes": "Para cadena de tiendas. Necesito entrega escalonada en 3 semanas.",
    "adminNotes": "Descuento por volumen aplicado. Coordinar entregas con logística.",
    "total": 151400,
    "quotedTotal": 141000,
    "createdAt": "2024-10-20T10:00:00Z",
    "quotedAt": "2024-10-22T14:30:00Z",
    "expiresAt": "2024-11-22T14:30:00Z"
  },
  {
    "id": "quote-4",
    "userId": "user-5",
    "items": [
      {
        "productId": "symphony-storm-70xl",
        "quantity": 1,
        "requestedPrice": 8500,
        "quotedPrice": null
      },
      {
        "productId": "gas-r410a-11kg",
        "quantity": 1,
        "requestedPrice": 2800,
        "quotedPrice": null
      }
    ],
    "status": "pending",
    "notes": "Primera compra. ¿Tienen financiamiento?",
    "adminNotes": "",
    "total": 11300,
    "quotedTotal": null,
    "createdAt": "2024-12-05T10:00:00Z",
    "quotedAt": null,
    "expiresAt": null
  }
]
